final_h,final_t,L,d_sequence,hash
26.36,100,17,"[3, 3, 3, 3, 3, 2, 3, 3, 3, 3, 3, 3, 3, 3, 3, 3, 3]",4db22aba97f00176dc8fa5f88ba13d25
26.19,100,17,"[2, 3, 3, 3, 3, 3, 3, 3, 3, 3, 4, 3, 3, 3, 2, 3, 3]",3606795bffd0110d430757a27d62d2e7
26.36,100,17,"[3, 3, 3, 3, 3, 3, 3, 3, 3, 3, 3, 3, 3, 3, 3, 3, 2]",f41ceea95dbd66319f99626728e850f8
26.19,100,17,"[4, 3, 3, 2, 2, 3, 3, 3, 3, 3, 3, 3, 3, 3, 3, 3, 3]",15c198ee96ea12fd917bda6fb6c53585
26.36,100,17,"[3, 3, 3, 3, 3, 3, 3, 3, 3, 3, 3, 3, 3, 3, 2, 3, 3]",c1cbe323dea6e23181c3a31d676910c9
26.19,100,17,"[2, 3, 3, 3, 3, 3, 3, 2, 3, 3, 3, 3, 3, 3, 4, 3, 3]",f9a62096ff3f727a37bd3def5718c9cb
26.36,100,17,"[3, 3, 2, 3, 3, 3, 3, 3, 3, 3, 3, 3, 3, 3, 3, 3, 3]",1e7840f8d36ecefb0df4e06b38d3e66a
26.19,100,17,"[3, 3, 3, 3, 3, 3, 3, 3, 3, 3, 2, 3, 4, 2, 3, 3, 3]",0970596af1b76386846aaa85b1257913
26.19,100,17,"[3, 3, 2, 3, 3, 3, 3, 3, 4, 3, 2, 3, 3, 3, 3, 3, 3]",f459cd16247c1e75f5d6f517aabf212c
26.36,100,17,"[3, 3, 3, 3, 3, 3, 3, 3, 3, 3, 3, 3, 3, 3, 3, 2, 3]",02c30b0f6c97f2503464398bd598e667
26.36,100,17,"[3, 3, 3, 2, 3, 3, 3, 3, 3, 3, 3, 3, 3, 3, 3, 3, 3]",fae0cfe91ca9d39f02d38592d69a965e
26.19,100,17,"[3, 3, 2, 3, 3, 3, 3, 3, 3, 3, 4, 3, 3, 2, 3, 3, 3]",bc7b598dfb03c0b4b61e039d21b640c8
26.07,114,11,"[5, 5, 5, 5, 6, 5, 5, 5, 6, 5, 5]",7c328f739efcfe24daa54cbc1a259c80
26.07,114,11,"[5, 5, 5, 5, 5, 6, 5, 6, 5, 5, 5]",84a6002d1ddc634262ab0bdaea66fe9d
26.07,114,11,"[5, 5, 6, 5, 5, 5, 5, 5, 5, 6, 5]",47f63b90e334bbab87ca1a9d70af6669
26.07,114,11,"[6, 5, 5, 5, 5, 5, 6, 5, 5, 5, 5]",98de8507306c859e89829e04441cd80a
26.07,114,11,"[5, 6, 5, 5, 5, 6, 5, 5, 5, 5, 5]",836844fee7ca92569105d7af0e1fa67a
26.07,114,11,"[6, 6, 5, 5, 5, 5, 5, 5, 5, 5, 5]",f150b0fa2b063f7fc04908361a33406b
26.07,114,11,"[5, 5, 5, 5, 5, 6, 6, 5, 5, 5, 5]",1ebc24447c53acce9635cef609d49880
26.07,114,11,"[5, 5, 5, 5, 5, 5, 5, 5, 5, 6, 6]",0d935b2c5dff94b3092a0632cc66939c
26.07,114,11,"[5, 6, 5, 5, 5, 5, 5, 5, 5, 6, 5]",8f9a3883e3a83aeb7b655e3b357e5254
26.07,114,11,"[5, 6, 5, 5, 6, 5, 5, 5, 5, 5, 5]",71293271bbf3d87f53c6eea3ffec4ecf
26.07,114,11,"[5, 5, 6, 5, 6, 5, 5, 5, 5, 5, 5]",fdf7ad4239d1546f5d4e6d8d6a5b1f41
26.07,114,11,"[5, 5, 5, 5, 6, 5, 5, 6, 5, 5, 5]",43f26820838c628e4b914098abae4361
26.07,114,11,"[5, 5, 6, 5, 5, 5, 6, 5, 5, 5, 5]",1cc6187a343766aaabe7456d4bc02a29
26.07,114,11,"[5, 5, 5, 6, 5, 5, 5, 5, 5, 5, 6]",8c84cb06d931996115240d5a81ec30ac
26.07,114,11,"[6, 5, 5, 6, 5, 5, 5, 5, 5, 5, 5]",70dab45f7762eb1187bfb8be436150cc
26.07,114,11,"[5, 5, 5, 5, 5, 6, 5, 5, 6, 5, 5]",7209b57eaa817916272533ac0640d91f
26.07,114,11,"[5, 5, 5, 5, 5, 5, 5, 5, 6, 6, 5]",55dcb925d9c887a41c266af8331e1db1
26.07,114,11,"[5, 5, 6, 5, 5, 5, 5, 5, 5, 5, 6]",ccc4999c25dfd6bf891f84d45793f6e7
26.19,100,18,"[2, 3, 3, 3, 3, 3, 3, 3, 3, 2, 3, 2, 3, 3, 3, 2, 3, 3]",83f9841e2381f34f8ec925bb5f909168
26.07,114,11,"[6, 5, 5, 5, 5, 5, 5, 5, 5, 5, 6]",945696d3521785b98fa4351322aa0a25
26.07,114,11,"[5, 6, 5, 6, 5, 5, 5, 5, 5, 5, 5]",f57c931d6b4e4835999239ec95a6b30b
26.07,114,11,"[5, 5, 6, 5, 5, 5, 5, 5, 6, 5, 5]",1f03106ef33f1e1f6ca842737421ad60
26.07,114,11,"[5, 6, 5, 5, 5, 5, 5, 5, 6, 5, 5]",be5c4174476670bedf8182e09c3c80f7
26.07,114,11,"[5, 5, 5, 5, 6, 5, 5, 5, 5, 6, 5]",2965c1920b26825e211ea4aa72750f9c
26.07,114,11,"[5, 5, 5, 5, 5, 5, 6, 5, 5, 5, 6]",e3d439a0cbb7597de2b9a241ce5ce88a
26.19,100,18,"[3, 3, 3, 3, 2, 2, 3, 3, 3, 2, 3, 2, 3, 3, 3, 3, 3, 3]",6bab3bcd58dda64c054cbd4fc6ca0e61
26.19,100,18,"[3, 2, 3, 3, 3, 3, 3, 2, 3, 3, 3, 3, 3, 2, 3, 3, 2, 3]",c0b7fb66855a803eac81ad2216340fe7
26.19,100,18,"[3, 3, 3, 3, 3, 3, 3, 3, 2, 2, 3, 3, 3, 3, 2, 3, 2, 3]",cbc7f951a095fcd317047bd2bc2518a7
26.19,100,18,"[3, 3, 3, 3, 3, 2, 3, 3, 3, 3, 3, 3, 3, 2, 3, 3, 2, 2]",0ea3de8413ccdab0003ad0a9dfb62595
26.19,100,18,"[3, 3, 3, 3, 3, 3, 2, 3, 2, 2, 3, 3, 3, 3, 2, 3, 3, 3]",6bae4452d0c124c7e83b2177a0b32065
26.19,100,18,"[2, 3, 3, 3, 3, 3, 3, 2, 3, 3, 3, 3, 3, 3, 2, 3, 2, 3]",d91f6625297cde4ebdc144471ba60985
26.19,100,18,"[3, 3, 3, 3, 2, 3, 3, 3, 2, 3, 3, 2, 3, 2, 3, 3, 3, 3]",227b5d30f650189887babe63ada13c97
26.19,100,18,"[3, 3, 3, 3, 3, 3, 3, 3, 2, 2, 3, 3, 3, 3, 3, 2, 2, 3]",9c14880db13fe4fa393a845aef9f2c8d
26.19,100,18,"[3, 2, 3, 2, 3, 3, 3, 3, 3, 2, 3, 3, 3, 3, 3, 3, 3, 2]",793823803aab537e3477b278a2e7a847
26.19,100,18,"[3, 3, 2, 2, 2, 3, 3, 3, 3, 3, 3, 3, 3, 3, 3, 3, 2, 3]",3dd2e3e80e511d51fd78aca4a8e134a0
26.19,100,18,"[3, 3, 3, 3, 2, 3, 3, 3, 3, 3, 3, 2, 3, 3, 3, 2, 3, 2]",c8f7b19fbe2a2c6d45f0a1143a55e46b
26.19,100,18,"[3, 3, 3, 3, 2, 3, 2, 3, 3, 3, 3, 2, 3, 3, 3, 3, 3, 2]",7b3f1f94e64750648946d63f66a4c782
26.19,100,18,"[3, 2, 3, 3, 3, 3, 3, 3, 3, 3, 3, 3, 3, 3, 2, 3, 2, 2]",8a61bf874abc814f090cb60aa25129e7
26.19,100,18,"[3, 3, 3, 3, 3, 2, 2, 3, 3, 3, 2, 3, 3, 3, 2, 3, 3, 3]",cc7991747d2f136761afe175b5d512a1
26.19,100,18,"[2, 3, 3, 3, 3, 2, 3, 3, 3, 3, 3, 3, 3, 3, 3, 3, 2, 2]",b918fb0e94d591acda58dd92da9b7c9a
26.19,100,18,"[3, 2, 2, 3, 3, 3, 3, 2, 3, 3, 3, 3, 3, 3, 3, 3, 2, 3]",2ce34103fecba01a36d0df7be169af2e
26.19,100,18,"[3, 3, 3, 3, 3, 3, 3, 2, 2, 2, 3, 3, 3, 3, 3, 3, 2, 3]",2d7c9ffd54b2549c0e70f0f25312de01
26.19,100,18,"[3, 2, 3, 3, 2, 2, 3, 3, 3, 2, 3, 3, 3, 3, 3, 3, 3, 3]",de08be06599aa3dc288829e02887ffe9
26.19,100,18,"[3, 3, 3, 3, 2, 3, 3, 3, 3, 2, 3, 3, 3, 2, 3, 3, 2, 3]",e66eb54af591225771de219d5b3b3279
26.19,100,18,"[2, 2, 3, 2, 3, 3, 3, 3, 3, 3, 3, 3, 3, 3, 3, 2, 3, 3]",541bd90be934c6948f463d147f57ecbb
26.19,100,18,"[3, 3, 3, 2, 3, 3, 2, 3, 3, 3, 3, 3, 3, 3, 3, 3, 2, 2]",c64a162e6acb2578f41ae1f91673a71d
26.19,100,18,"[3, 3, 3, 3, 2, 2, 3, 2, 3, 3, 2, 3, 3, 3, 3, 3, 3, 3]",04845317a083297bdce0563ef37a4325
26.19,100,18,"[3, 3, 3, 2, 3, 3, 2, 3, 3, 2, 3, 2, 3, 3, 3, 3, 3, 3]",d9e8a5872f5ce2ae244f09763dfc3cb7
26.19,100,18,"[3, 3, 3, 2, 2, 3, 3, 2, 3, 3, 3, 3, 2, 3, 3, 3, 3, 3]",50e21f1f468c9536c52ef81c6c8fad7c
26.19,100,18,"[2, 2, 3, 3, 2, 3, 3, 3, 3, 3, 3, 3, 3, 3, 3, 3, 2, 3]",516395a739a7dcd07fec824b52bce5ea
26.19,100,18,"[2, 3, 3, 2, 3, 2, 3, 3, 3, 3, 3, 3, 3, 3, 3, 3, 3, 2]",b225fc39834bd88f2368d151634a75b7
26.19,100,18,"[3, 2, 2, 2, 3, 3, 3, 3, 3, 3, 2, 3, 3, 3, 3, 3, 3, 3]",3f27d3d1df9fdea3f9c9de356cfff1f1
26.19,100,18,"[3, 3, 2, 3, 3, 3, 3, 3, 3, 2, 2, 3, 3, 3, 3, 3, 2, 3]",ddcaa4ca914f5a47602f3ba75b607813
26.19,100,18,"[2, 3, 2, 3, 3, 2, 3, 3, 3, 3, 3, 3, 3, 2, 3, 3, 3, 3]",d13fa8b1f3c9f63083d6f51086fbeea4
26.19,100,18,"[3, 2, 2, 3, 3, 3, 3, 2, 3, 3, 3, 3, 3, 3, 2, 3, 3, 3]",173e71e17d6990d2c43e6e6fb4e90e0c
26.19,100,18,"[2, 2, 3, 3, 3, 3, 3, 3, 3, 3, 2, 3, 3, 3, 3, 3, 2, 3]",a3aaf4433d652239c34b71db28c2addc
26.19,100,18,"[2, 2, 3, 3, 3, 3, 3, 3, 3, 3, 3, 3, 3, 3, 2, 2, 3, 3]",f4b931a8171a499a00717ddab745a1e4
26.19,100,18,"[3, 3, 3, 2, 3, 3, 3, 3, 3, 2, 3, 3, 2, 3, 2, 3, 3, 3]",71fe0aa4906c3142c1c7966215b61b9e
26.19,100,18,"[3, 3, 2, 3, 3, 2, 3, 3, 3, 3, 3, 3, 3, 2, 3, 3, 2, 3]",521aee041742d446eb2d19e649ab9b0b
26.19,100,18,"[3, 2, 3, 3, 3, 3, 3, 3, 3, 3, 3, 3, 2, 3, 2, 3, 3, 2]",d72a82f5a9dcf738f117b79c24dc046a
26.19,100,18,"[2, 3, 3, 3, 3, 3, 3, 3, 3, 3, 3, 3, 3, 2, 3, 2, 2, 3]",8c242d61584cf578f2411bcd699dffea
26.19,100,18,"[3, 3, 3, 2, 3, 2, 2, 2, 3, 3, 3, 3, 3, 3, 3, 3, 3, 3]",09324ca1b0e696b54233c296329f869c
26.19,100,18,"[2, 3, 3, 3, 3, 2, 3, 2, 3, 3, 3, 3, 2, 3, 3, 3, 3, 3]",0ea19fec18c6b30327bc2c4bcbd893f1
26.19,100,18,"[3, 3, 3, 3, 3, 3, 2, 2, 3, 3, 3, 2, 3, 3, 3, 2, 3, 3]",d7d1f1127e55b387e8d672a702bcaffc
26.19,100,18,"[3, 3, 3, 2, 3, 2, 3, 2, 3, 2, 3, 3, 3, 3, 3, 3, 3, 3]",37dd24ed2474261b4f1ca748c6c3e512
26.19,100,18,"[3, 3, 2, 2, 2, 3, 3, 2, 3, 3, 3, 3, 3, 3, 3, 3, 3, 3]",b1f3959ddf213b567614d44cd03fb3cc
26.19,100,18,"[3, 3, 3, 3, 3, 2, 3, 3, 2, 3, 3, 2, 3, 3, 3, 3, 3, 2]",dcf81e8acbcbe7c7ce259f1be693824f
26.19,100,18,"[3, 3, 3, 2, 2, 3, 2, 3, 3, 3, 3, 3, 3, 3, 2, 3, 3, 3]",cf09ff19d47065c01742dc3ee38a2b0d
26.19,100,18,"[3, 3, 3, 3, 3, 2, 3, 3, 3, 3, 3, 2, 2, 3, 3, 3, 2, 3]",988ac44a207074125716a190ac636d8d
26.19,100,18,"[3, 2, 2, 3, 2, 3, 3, 3, 3, 3, 3, 3, 3, 3, 3, 3, 2, 3]",0f915a8c21fac390f4d48c123527e300
26.19,100,18,"[3, 3, 2, 3, 3, 3, 3, 3, 2, 3, 3, 3, 3, 2, 2, 3, 3, 3]",ada1c3e6c8b6f297e44db2bef40c81e0
26.19,100,18,"[3, 3, 3, 3, 2, 3, 2, 3, 3, 3, 3, 3, 3, 2, 3, 2, 3, 3]",95f99f19a981130301302bb1d0167676
26.19,100,18,"[3, 2, 3, 3, 3, 3, 2, 3, 3, 3, 3, 3, 3, 3, 3, 2, 3, 2]",0fd01b930445594e255c9cdb06f67e42
26.19,100,18,"[2, 3, 3, 3, 3, 3, 3, 3, 3, 3, 2, 3, 2, 2, 3, 3, 3, 3]",ff721ffaed5c6a2f8f33b4d4d47739a9
26.19,100,18,"[3, 3, 2, 3, 3, 3, 3, 3, 3, 3, 2, 3, 2, 3, 3, 3, 3, 2]",88853ec370ceec0e4e43bce63241d0d1
26.19,100,18,"[2, 3, 3, 3, 3, 3, 3, 3, 3, 3, 2, 2, 3, 2, 3, 3, 3, 3]",eb9a61479ba962e0db8895ac072df2c5
26.19,100,18,"[3, 3, 3, 2, 2, 3, 3, 3, 3, 2, 3, 3, 3, 3, 3, 3, 2, 3]",ba8fe7148144be49d667ecf6b9e26486
26.19,100,18,"[3, 3, 3, 3, 3, 3, 2, 3, 2, 3, 3, 3, 3, 3, 3, 2, 2, 3]",90e61e12e2b3f60d6c115ba2195e025f
26.29,162,8,"[9, 15, 12, 11, 8, 12, 6, 8]",b47044ef28b7b3e741b7c4be241c19a2
26.12,162,8,"[14, 9, 7, 7, 17, 9, 7, 11]",dd95abc59e8ea3f32e80901b70c7ac9f
26.0,104,13,"[4, 4, 4, 4, 4, 4, 4, 4, 4, 4, 4, 4, 4]",a5438925dd79db09184a6327012d2b63
26.21,162,8,"[13, 10, 13, 8, 15, 8, 6, 8]",18ada91f77032c7b9c8495590f1f6975
26.64,108,13,"[4, 4, 4, 4, 4, 5, 4, 5, 4, 4, 4, 4, 4]",de040b5d57f82089748ffb53eca1ac70
26.64,108,13,"[4, 4, 4, 4, 4, 4, 4, 4, 4, 5, 4, 5, 4]",54c3802a1b5bfb72ecfbde2c960b2e11
26.64,108,13,"[5, 4, 4, 4, 4, 5, 4, 4, 4, 4, 4, 4, 4]",1ba0e0ab2558fba1f586a54329ae7654
26.64,108,13,"[4, 4, 4, 5, 4, 4, 4, 4, 4, 4, 5, 4, 4]",e3d9102f63a14e2756f89ff0c9a1694f
26.64,108,13,"[4, 4, 5, 4, 4, 5, 4, 4, 4, 4, 4, 4, 4]",c3aa1142a2be1ab8c989d28fdb69f3e0
26.64,108,13,"[4, 4, 4, 4, 4, 4, 4, 4, 4, 4, 5, 4, 5]",2b6fa975419ae1c5e37c39aef9d8ef62
26.64,108,13,"[4, 4, 5, 4, 4, 4, 4, 4, 5, 4, 4, 4, 4]",18555b8c435827798d36235557a729d1
26.64,108,13,"[4, 4, 4, 5, 4, 4, 4, 4, 4, 4, 4, 4, 5]",34ff167e3bc8c0728fb2f3f76ab831e9
26.64,108,13,"[4, 4, 4, 4, 4, 4, 4, 4, 5, 4, 4, 4, 5]",cf59f24f4481399a14d37213a4807dea
26.64,108,13,"[4, 4, 4, 4, 5, 4, 4, 4, 4, 4, 4, 5, 4]",33b2ca1950a3c0217a035d3213b8abc3
26.64,108,13,"[4, 4, 4, 4, 4, 4, 4, 4, 4, 5, 5, 4, 4]",b0231c3f743ac173c2ffbc31ed9575a6
26.64,108,13,"[4, 4, 4, 5, 5, 4, 4, 4, 4, 4, 4, 4, 4]",6aa4d9daec3994524b5569f2645970dd
26.64,108,13,"[4, 4, 4, 4, 5, 4, 4, 5, 4, 4, 4, 4, 4]",19af14300f1a29eef6face4d7e280c16
26.64,108,13,"[4, 4, 4, 4, 4, 5, 4, 4, 4, 5, 4, 4, 4]",678196566fc5bd3569243e6dd30f101c
26.64,108,13,"[4, 4, 4, 4, 4, 5, 4, 4, 4, 4, 5, 4, 4]",1abea75112d7d38522d2893823ad333d
26.64,108,13,"[4, 5, 5, 4, 4, 4, 4, 4, 4, 4, 4, 4, 4]",fbb244d38bd510afeab0176ac38a70f4
26.64,108,13,"[4, 5, 4, 4, 4, 4, 4, 4, 4, 4, 4, 4, 5]",c4850ecbaaa65ab0b04a8aea833e7fbb
26.64,108,13,"[5, 4, 5, 4, 4, 4, 4, 4, 4, 4, 4, 4, 4]",d58e13c5908554745ac4ee3d5ea52182
26.64,108,13,"[4, 4, 4, 5, 4, 4, 5, 4, 4, 4, 4, 4, 4]",3a157233d3dddfaac0af2b68c3554b0f
26.64,108,13,"[4, 4, 4, 5, 4, 4, 4, 5, 4, 4, 4, 4, 4]",30a2ef5598f86757baf2183fe3d54cec
26.64,108,13,"[4, 5, 4, 4, 4, 4, 5, 4, 4, 4, 4, 4, 4]",1a448309fbc3a364edd06c5ff689f85e
26.64,108,13,"[4, 4, 4, 4, 4, 5, 5, 4, 4, 4, 4, 4, 4]",50d09be800bdbd9ee7a43acbcf68e305
26.64,108,13,"[5, 4, 4, 4, 4, 4, 4, 4, 4, 4, 4, 5, 4]",96b85c105fecd3f313f3dce655afa97b
26.6,102,19,"[2, 3, 3, 3, 3, 2, 3, 3, 3, 2, 3, 2, 3, 3, 3, 2, 3, 2, 3]",0755bdcac310b0cf459635698858a545
26.6,102,19,"[3, 2, 2, 3, 2, 3, 3, 3, 2, 3, 3, 3, 2, 3, 3, 3, 3, 2, 3]",9643100c0e0565036c0fc1692da66616
26.6,102,19,"[2, 2, 3, 3, 3, 3, 2, 3, 3, 3, 3, 3, 2, 2, 2, 3, 3, 3, 3]",e55bfe9f6ac7c5c1832b0beece29e11e
26.6,102,19,"[3, 3, 3, 2, 2, 3, 3, 3, 2, 3, 3, 2, 3, 3, 2, 3, 3, 2, 3]",4235d29b8477be2fa6a7e2d3b5883b71
26.6,102,19,"[3, 3, 3, 3, 3, 3, 3, 3, 2, 3, 2, 2, 2, 2, 3, 2, 3, 3, 3]",45724bdd5d4f25cdd89cc3fdc9607d66
26.6,102,19,"[3, 3, 3, 3, 2, 3, 2, 3, 3, 2, 3, 2, 2, 3, 3, 3, 3, 3, 2]",cb6a4bf6b94a4839c6f7992283f4d45b
26.6,102,19,"[3, 2, 3, 2, 2, 2, 2, 3, 3, 3, 3, 3, 3, 3, 3, 3, 3, 3, 2]",8e253a1d0ae5f2a16ca4ad58956e8345
26.6,102,19,"[3, 3, 3, 3, 3, 3, 2, 3, 2, 3, 3, 3, 3, 2, 3, 2, 3, 2, 2]",9e2c3bcfe9b85a879de6cfd848c54769
26.6,102,19,"[3, 3, 2, 3, 2, 3, 3, 2, 3, 3, 3, 2, 3, 2, 2, 3, 3, 3, 3]",814cdab317e747b19b63694c5e0ae36d
26.6,102,19,"[2, 3, 3, 2, 3, 2, 3, 3, 3, 3, 3, 2, 3, 3, 3, 3, 2, 2, 3]",6e429f6e02cdf5aa55b769c409acdb67
26.6,102,19,"[3, 2, 3, 3, 3, 3, 2, 3, 3, 3, 2, 2, 2, 3, 3, 2, 3, 3, 3]",d9cd8330ebb5675cd4905515ef9812fc
26.6,102,19,"[3, 3, 3, 3, 2, 3, 3, 3, 3, 3, 3, 3, 2, 2, 3, 2, 2, 3, 2]",2fc525c249278fd014238a842cec2645
26.6,102,19,"[3, 3, 2, 3, 3, 2, 2, 3, 3, 2, 2, 2, 3, 3, 3, 3, 3, 3, 3]",54617947649f83151e2260d2db4aa4e9
26.6,102,19,"[3, 3, 3, 2, 3, 3, 2, 2, 3, 3, 3, 3, 2, 3, 3, 3, 2, 2, 3]",f42463f4057a3d38107216f5c48b0a95
26.6,102,19,"[3, 3, 3, 2, 3, 3, 2, 2, 2, 3, 3, 3, 3, 3, 2, 2, 3, 3, 3]",1fd70cd0456d1bddbcf6b5f8913b3966
26.6,102,19,"[3, 3, 3, 2, 2, 3, 2, 2, 3, 3, 3, 3, 3, 2, 3, 3, 3, 3, 2]",e6f43b4494a5a1016ceb424cc85646dd
26.6,102,19,"[2, 3, 3, 2, 2, 3, 3, 3, 3, 3, 2, 3, 3, 2, 3, 3, 3, 3, 2]",aa21834631e0a3ad9f747eca4b3a23e8
26.6,102,19,"[2, 3, 3, 2, 3, 3, 3, 3, 2, 3, 3, 3, 3, 2, 3, 2, 2, 3, 3]",7c0910959aeb811e9a6057e37e541f22
26.6,102,19,"[3, 3, 2, 3, 2, 3, 2, 2, 3, 3, 2, 3, 3, 3, 3, 3, 3, 3, 2]",4c8be5814226d1bc467c8e04765d0e28
26.6,102,19,"[2, 3, 3, 3, 2, 2, 3, 2, 3, 3, 3, 3, 3, 2, 2, 3, 3, 3, 3]",b704f5a9d10be49452bfd5bf19d75aa4
26.6,102,19,"[3, 2, 3, 3, 3, 3, 3, 3, 3, 3, 2, 3, 2, 3, 2, 2, 3, 3, 2]",de39335cf2deccdf0f7c8e0fc3e1fd51
26.6,102,19,"[2, 3, 3, 3, 3, 2, 3, 3, 3, 3, 2, 3, 3, 2, 2, 2, 3, 3, 3]",323029e0fecad17c3ff7991d02f1edf6
26.95,172,9,"[9, 4, 18, 18, 11, 3, 4, 12, 7]",617d506fa02f3b47df043fdc46a65a16
26.87,172,9,"[3, 14, 3, 5, 6, 16, 15, 9, 15]",756e679a67bbf06ff8d51708073e0042
26.01,172,9,"[15, 14, 7, 2, 10, 16, 16, 3, 3]",a83fd39d68984dd3c15af2e1b2037aa0
26.6,102,19,"[3, 3, 3, 3, 2, 2, 3, 2, 3, 3, 2, 3, 3, 2, 2, 3, 3, 3, 3]",84d20404455b7ed8187c1a28159aacd4
26.07,122,10,"[6, 6, 6, 6, 6, 6, 7, 6, 6, 6]",94eb93fb0021bbcd54c5990bfb113f77
26.6,102,19,"[2, 3, 3, 3, 3, 3, 2, 3, 3, 3, 2, 3, 3, 3, 3, 2, 2, 3, 2]",f47658a186e7b8193955e3ecc64bba1a
26.07,122,10,"[6, 6, 6, 7, 6, 6, 6, 6, 6, 6]",18da7b91b897f41fec375efb6ecbcc7b
26.6,102,19,"[3, 2, 3, 3, 3, 3, 3, 3, 2, 3, 3, 3, 3, 3, 2, 3, 2, 2, 2]",d1f5818818ccc3479458211462c10578
26.6,102,19,"[2, 3, 3, 3, 2, 3, 3, 3, 2, 2, 3, 2, 3, 2, 3, 3, 3, 3, 3]",c687ff325c4adda0133df3796ee8fef3
26.6,102,19,"[3, 2, 2, 2, 2, 2, 3, 3, 2, 3, 3, 3, 3, 3, 3, 3, 3, 3, 3]",d3e14cab8033d9b55521c824996b0d79
26.6,102,19,"[3, 3, 2, 3, 3, 2, 2, 3, 2, 3, 2, 3, 3, 3, 2, 3, 3, 3, 3]",813979052ff8d05482d14706c328187c
26.07,122,10,"[6, 6, 6, 6, 6, 6, 6, 6, 7, 6]",89f126056a12647207f9f1a45e4eb494
26.6,102,19,"[3, 3, 3, 3, 2, 3, 2, 2, 3, 2, 3, 2, 3, 3, 2, 3, 3, 3, 3]",b062d3e659ba9d80f1f4c6a01be1fae8
26.6,102,19,"[3, 2, 2, 3, 3, 2, 2, 2, 3, 3, 3, 3, 2, 3, 3, 3, 3, 3, 3]",1a11086aeb0e9567c6003fdb07bbbf6c
26.07,122,10,"[6, 6, 6, 6, 6, 6, 6, 6, 6, 7]",74e9f61a2609b788ea0134471203233a
26.07,158,8,"[9, 6, 10, 13, 7, 10, 11, 13]",6d9a30c1676630f37cbe7c58a89266a2
26.6,102,19,"[3, 2, 2, 3, 3, 3, 2, 3, 3, 3, 2, 3, 3, 3, 2, 2, 3, 3, 3]",8f62c9fbad81d280f8de4879754706cc
26.07,122,10,"[6, 6, 7, 6, 6, 6, 6, 6, 6, 6]",bae174432cf5dab68e4fd1b74f6d3492
26.72,172,9,"[4, 5, 8, 9, 6, 4, 10, 11, 29]",3982516159cf0a4de7d6d1389fb5ded3
26.07,122,10,"[6, 7, 6, 6, 6, 6, 6, 6, 6, 6]",37d909f5c74dc70e41041c463a0a174d
26.07,122,10,"[7, 6, 6, 6, 6, 6, 6, 6, 6, 6]",b6575e776bac3ce5dbc2bdcf2e769619
26.6,102,19,"[3, 2, 3, 2, 2, 3, 3, 3, 3, 3, 3, 2, 3, 3, 3, 2, 2, 3, 3]",9517c5f5d3a8095707ad3e01473fdab2
26.07,122,10,"[6, 6, 6, 6, 6, 6, 6, 7, 6, 6]",9925e5908a6b54618eb57a237a0eed59
26.6,102,19,"[2, 3, 3, 3, 2, 3, 3, 3, 3, 2, 3, 3, 3, 2, 2, 3, 2, 3, 3]",e014a91c8099b2e16cf8c2adce31ebb2
26.6,102,19,"[3, 2, 3, 3, 3, 2, 3, 3, 2, 3, 3, 2, 2, 3, 3, 2, 3, 3, 3]",0c37116782081429af12c230ae033d6f
26.6,102,19,"[3, 3, 3, 3, 2, 3, 3, 3, 2, 2, 2, 3, 3, 2, 3, 3, 3, 3, 2]",2f31a9a959c8240e8416e3731e699c28
26.6,102,19,"[2, 3, 3, 3, 3, 3, 2, 3, 2, 3, 2, 3, 3, 3, 3, 3, 3, 2, 2]",6f787229208492adf301c3c8597013fc
26.6,102,19,"[3, 3, 3, 3, 2, 2, 3, 2, 3, 2, 3, 3, 3, 2, 3, 3, 3, 3, 2]",36f351b1db37d4fedd064a3923b3d06f
26.6,102,19,"[3, 2, 3, 3, 2, 3, 2, 3, 3, 3, 3, 2, 3, 3, 2, 3, 3, 2, 3]",0990c971cbb9187eda5ab43469110752
26.6,102,19,"[3, 2, 3, 3, 3, 3, 2, 3, 3, 2, 3, 3, 2, 3, 3, 3, 3, 2, 2]",4ec36e1a1535c7ea8b360748890a8f18
26.6,102,19,"[3, 3, 3, 2, 3, 3, 3, 2, 2, 2, 2, 3, 3, 3, 3, 3, 2, 3, 3]",e2ccc53fa18abbbe31d5aaacf77453b5
26.6,102,19,"[3, 3, 3, 2, 3, 3, 2, 3, 2, 3, 2, 2, 3, 3, 3, 2, 3, 3, 3]",b5f3a3e21a1e4f3da3fb742e9ec33caa
26.6,102,19,"[2, 3, 3, 3, 3, 3, 2, 3, 2, 2, 3, 2, 3, 3, 3, 3, 3, 3, 2]",6711b539c054e09d70f2fdc83972a77e
26.6,102,19,"[2, 3, 3, 3, 3, 3, 3, 2, 3, 2, 3, 3, 2, 2, 3, 3, 2, 3, 3]",88b9a5e0cd904252593d06c3ed60a6dc
26.26,102,15,"[3, 3, 3, 3, 3, 3, 3, 4, 4, 4, 4, 4, 4, 3, 3]",161b87cfc346154bf4dad1cbc9df7adf
26.6,102,19,"[3, 3, 3, 3, 3, 2, 3, 2, 2, 3, 2, 3, 3, 2, 3, 3, 3, 2, 3]",6ad377c5e38bc87135aa53ab18bdb8b2
26.26,102,15,"[3, 4, 3, 4, 3, 3, 3, 4, 3, 4, 3, 4, 4, 3, 3]",2b00713d0792e44036722c5afb64e404
26.6,102,19,"[2, 2, 2, 3, 3, 2, 2, 3, 3, 3, 3, 3, 3, 2, 3, 3, 3, 3, 3]",805d89a624eec5de2e247fbc298318ba
26.26,102,15,"[3, 4, 3, 4, 3, 3, 4, 3, 4, 4, 3, 3, 4, 3, 3]",854c29cd2ecda96651e154dfe4227f90
26.6,102,19,"[3, 3, 3, 2, 2, 2, 2, 3, 3, 3, 3, 3, 3, 3, 2, 2, 3, 3, 3]",0105a86053f09521d2da857b4ab038ac
26.26,102,15,"[3, 4, 3, 3, 4, 3, 3, 4, 3, 4, 3, 3, 4, 3, 4]",503861c0cc9a9ac64e8f76e17e3d8165
26.6,102,19,"[3, 3, 3, 3, 3, 3, 2, 3, 2, 2, 3, 2, 3, 3, 3, 3, 2, 2, 3]",5e3ae5d683426d39e3f618d5013e002f
26.6,102,19,"[3, 3, 2, 3, 3, 3, 2, 2, 3, 3, 2, 3, 3, 3, 3, 2, 3, 2, 3]",398a5f1e4cf8534f3d8aedd6442d13f9
26.6,102,19,"[3, 3, 2, 3, 3, 2, 2, 3, 3, 2, 3, 3, 3, 2, 3, 3, 2, 3, 3]",ab62ee6cdbf72e3e62ae87eebd72b38b
26.6,102,19,"[3, 2, 2, 3, 3, 3, 3, 3, 2, 3, 3, 3, 2, 3, 2, 2, 3, 3, 3]",2034be5d152233ef6bad8e0f8dda184b
26.6,102,19,"[3, 2, 3, 3, 3, 3, 3, 2, 3, 2, 3, 2, 3, 2, 3, 3, 3, 2, 3]",9cb5f465ca09be7226dc89431e805c93
26.26,102,15,"[3, 4, 3, 4, 4, 3, 3, 3, 3, 3, 4, 4, 3, 4, 3]",8f668d8e76d77fc733c62f3bc133ae37
26.6,102,19,"[2, 3, 3, 3, 3, 2, 3, 3, 3, 2, 2, 3, 3, 3, 3, 3, 3, 2, 2]",c93ce3f383666cfea3cf0d619ada643a
26.26,102,15,"[4, 3, 4, 4, 3, 4, 3, 3, 3, 3, 4, 3, 3, 3, 4]",54632ebeb9463c84633d3821e9af777f
26.26,102,15,"[4, 3, 3, 4, 4, 3, 4, 3, 3, 4, 3, 3, 4, 3, 3]",80659b340684291d874fec57d2684b6a
26.6,102,19,"[3, 2, 3, 3, 3, 3, 3, 2, 3, 3, 3, 2, 3, 2, 3, 3, 3, 2, 2]",c4e5ebc7934eb6cc0ad023e9df60abe5
26.26,102,15,"[4, 3, 3, 4, 3, 3, 4, 3, 3, 4, 3, 4, 3, 4, 3]",ad6eb976c34a972775d5d6dffa495505
26.26,102,15,"[3, 4, 3, 4, 4, 3, 4, 3, 3, 3, 3, 4, 4, 3, 3]",2c9ad7540117269364ccba6fc0643a5b
26.26,102,15,"[4, 4, 3, 3, 4, 3, 4, 3, 3, 3, 4, 4, 3, 3, 3]",e95042f567a731ea027e132e313ac643
26.6,102,19,"[3, 3, 3, 3, 2, 2, 2, 3, 3, 3, 3, 3, 3, 3, 2, 3, 3, 2, 2]",c67ead932071d5b0fe50908b37a4ed6b
26.6,102,19,"[2, 2, 3, 3, 3, 3, 2, 2, 3, 3, 3, 3, 3, 3, 3, 2, 2, 3, 3]",2788bd3f2630be805f70d490b939b9db
26.26,102,15,"[3, 4, 3, 4, 3, 4, 4, 3, 3, 4, 3, 4, 3, 3, 3]",14bf549ac64748d8cc288fc6928bf3a3
26.26,102,15,"[4, 3, 4, 3, 4, 3, 4, 3, 3, 3, 3, 4, 3, 3, 4]",18ea6d072553af0d460b012c02f5159f
26.6,102,19,"[3, 2, 3, 3, 3, 3, 3, 3, 2, 3, 3, 2, 3, 2, 2, 3, 3, 3, 2]",d225debc10d6d3c483af18b9723ae6c8
26.26,102,15,"[3, 3, 4, 4, 3, 3, 4, 3, 3, 3, 4, 3, 4, 3, 4]",62dc2c1af051053db7c6d3c699dd9648
26.6,102,19,"[3, 3, 3, 2, 3, 3, 2, 2, 3, 3, 3, 3, 3, 2, 2, 3, 2, 3, 3]",a2a2f484d0b7ba9888714c9c5a37b13f
26.26,102,15,"[3, 3, 4, 4, 4, 3, 3, 3, 4, 4, 3, 3, 4, 3, 3]",9edac31e2e042d61fbdbcb5f6211b222
26.6,102,19,"[2, 2, 3, 3, 3, 3, 3, 3, 2, 3, 3, 2, 3, 3, 3, 3, 2, 2, 3]",3d266a153603caceb7ba6f5e2bff3e8b
26.26,102,15,"[4, 3, 3, 3, 3, 3, 4, 4, 4, 3, 3, 4, 3, 3, 4]",ce9c180ca84bc10b810d0b58a141e9af
26.26,102,15,"[3, 4, 3, 4, 3, 3, 3, 4, 3, 3, 3, 4, 3, 4, 4]",6eb48ad2477f979b96b5b7d8efb3a5bc
26.26,102,15,"[4, 3, 4, 4, 3, 3, 3, 4, 3, 3, 3, 4, 3, 3, 4]",0e1899fe2853e172cccbe1783e37d2df
26.6,102,19,"[3, 3, 2, 3, 3, 3, 2, 3, 3, 3, 3, 3, 3, 2, 3, 2, 2, 3, 2]",3ab7770844b1ec1d8a7ba79bc605f1b8
26.26,102,15,"[3, 4, 3, 4, 4, 4, 3, 3, 3, 3, 3, 4, 3, 3, 4]",5a8c27cd080b9735ed80077c1ec188b4
26.26,102,15,"[4, 3, 3, 3, 4, 3, 3, 4, 3, 4, 3, 4, 3, 4, 3]",c4491e01099e1c55ce264571ce064c45
26.6,102,19,"[3, 3, 2, 2, 2, 3, 3, 3, 3, 3, 2, 2, 3, 3, 3, 3, 3, 3, 2]",34fa0fb9f28b93545a18934f58f61c83
26.26,102,15,"[3, 4, 4, 3, 3, 4, 3, 3, 4, 3, 4, 3, 3, 4, 3]",fa9ea0595b55bc87e28edcbf4ff6f00b
26.6,102,19,"[3, 3, 2, 3, 3, 3, 3, 3, 3, 3, 2, 3, 3, 2, 3, 2, 2, 3, 2]",c260a237921ac378af02982a21523383
26.6,102,19,"[2, 3, 3, 2, 3, 2, 2, 3, 3, 3, 3, 3, 3, 3, 3, 3, 2, 3, 2]",dc35fe183c579ec2ac2789c5a6fa7f5c
26.26,102,15,"[4, 3, 4, 3, 3, 3, 3, 3, 3, 4, 3, 4, 4, 3, 4]",7fdf8430f4b098a55ae0d925b6087c6b
26.26,102,15,"[3, 3, 3, 3, 3, 3, 3, 4, 4, 3, 3, 4, 4, 4, 4]",02860d7d5223eae4ba6d52be27312681
26.26,102,15,"[4, 3, 3, 3, 4, 3, 4, 4, 3, 3, 4, 4, 3, 3, 3]",7afe2c2885c8ccce23743a73c706c789
26.92,106,24,"[3, 3, 2, 3, 2, 2, 2, 2, 2, 2, 2, 3, 2, 2, 2, 2, 2, 2, 3, 2, 2, 2, 2, 2]",6c1f5badfa3f097a6463522fc15262dd
26.92,106,24,"[2, 2, 2, 2, 3, 2, 2, 2, 2, 2, 2, 3, 2, 2, 3, 2, 3, 3, 2, 2, 2, 2, 2, 2]",40ac04e88470a4d96b87a590f287f914
26.26,102,15,"[4, 3, 4, 4, 3, 4, 3, 3, 4, 4, 3, 3, 3, 3, 3]",619c443b3fe77b9e10d62ad3369157a9
26.26,102,15,"[4, 3, 4, 4, 4, 3, 3, 3, 4, 4, 3, 3, 3, 3, 3]",09c4905d31bf28192cf43f5e0b5a87e0
26.26,102,15,"[3, 3, 3, 4, 4, 3, 3, 4, 3, 4, 4, 3, 3, 3, 4]",7c00e7914e01ceac1280a14647f2c990
26.26,102,15,"[3, 3, 3, 4, 3, 4, 4, 3, 4, 3, 4, 3, 3, 3, 4]",0f7b0eb09b7ff83d86d3081781dbb160
26.92,106,24,"[2, 3, 2, 2, 2, 2, 2, 2, 3, 3, 2, 2, 3, 2, 2, 2, 2, 2, 2, 2, 3, 2, 2, 2]",be1e5c8ef20e33619cbaa21f2ae514c4
26.26,102,15,"[4, 4, 3, 3, 4, 3, 4, 4, 3, 3, 3, 4, 3, 3, 3]",e01e77a4522087d99d841b8447ac4d2f
26.91,116,12,"[5, 5, 6, 5, 5, 7, 5, 5, 4, 4, 3, 4]",fbc6f0113ea533b6939250ee4e2e6a3a
26.92,106,24,"[2, 2, 2, 2, 2, 3, 2, 3, 2, 2, 2, 2, 2, 2, 2, 3, 2, 3, 3, 2, 2, 2, 2, 2]",80942fed44d1e35f09d620a94af1690f
26.6,102,19,"[3, 2, 3, 3, 3, 2, 2, 2, 2, 3, 3, 3, 3, 3, 3, 3, 3, 2, 3]",18947668d43b86c2c62177d7d8a4c195
26.26,102,15,"[3, 4, 3, 3, 4, 4, 3, 4, 3, 3, 4, 3, 3, 3, 4]",1ba5ae6fd745a59d4c0b57aaa5656108
26.94,116,12,"[5, 4, 6, 5, 4, 4, 6, 4, 4, 7, 4, 5]",f8bbc28954a3de1707b76827375d4193
26.11,116,11,"[6, 5, 6, 4, 6, 4, 4, 5, 5, 7, 6]",8916bbb49826ddfb65737a8699405f3d
26.26,102,15,"[4, 3, 4, 3, 3, 3, 4, 3, 3, 3, 4, 3, 3, 4, 4]",ab5783667ac43ff4a93aa444b6a42e50
26.92,106,24,"[3, 3, 2, 2, 3, 2, 2, 2, 2, 2, 2, 3, 2, 2, 2, 2, 2, 2, 2, 2, 2, 2, 3, 2]",f47192ef4d1b6742d41d683df9f88628
26.6,102,19,"[3, 2, 2, 2, 3, 2, 3, 3, 2, 3, 2, 3, 3, 3, 3, 3, 3, 3, 3]",2e090152dac0574949ef6b4c4c5b94d3
26.92,106,24,"[2, 2, 2, 3, 2, 2, 3, 2, 3, 2, 2, 2, 2, 2, 2, 2, 3, 2, 2, 2, 2, 2, 3, 2]",2ae3db41e25b598c1c7361bb7bca4bbf
26.95,116,12,"[5, 4, 4, 5, 6, 6, 4, 5, 3, 5, 6, 5]",ed8333cc944325fae25fd1b0b0e84d32
26.26,102,15,"[3, 4, 3, 4, 3, 4, 3, 3, 3, 3, 4, 4, 3, 3, 4]",d29decaff9da784fa397536235a3fc9f
26.92,106,24,"[3, 2, 3, 2, 2, 2, 2, 2, 2, 2, 2, 2, 2, 2, 2, 3, 2, 2, 2, 2, 3, 2, 2, 3]",bc6cfc197817121e47cbb1d453611892
26.6,102,19,"[2, 3, 3, 3, 3, 3, 3, 3, 2, 2, 3, 2, 2, 3, 3, 3, 2, 3, 3]",ae1114869a7eca837b9b4cad85524ea1
26.92,106,24,"[2, 2, 2, 3, 3, 2, 2, 2, 3, 2, 2, 2, 2, 2, 2, 2, 2, 2, 2, 3, 3, 2, 2, 2]",e34be6e8e78a6111fdb9227e609756ff
26.11,116,11,"[6, 6, 7, 4, 4, 5, 5, 6, 6, 5, 4]",cc1ac89683d663700e65112c6cf5d73f
26.6,102,19,"[2, 3, 3, 3, 3, 2, 3, 2, 3, 3, 3, 3, 3, 3, 3, 2, 3, 2, 2]",e561b90312a8902427945ebafab5fc57
26.11,116,11,"[4, 6, 6, 6, 6, 4, 5, 7, 5, 4, 5]",66a2257ed295aa1d8c07ec77b2c0b413
26.92,106,24,"[2, 2, 2, 2, 2, 2, 2, 2, 2, 3, 2, 3, 2, 2, 2, 3, 2, 3, 2, 2, 3, 2, 2, 2]",6e57ec60e156425ca483283a38d8f855
26.91,116,12,"[6, 5, 3, 4, 5, 5, 5, 5, 4, 4, 7, 5]",dccebd0611ead21ae6268a79438fbe1c
26.92,106,24,"[2, 2, 2, 2, 2, 2, 3, 3, 2, 2, 2, 2, 2, 2, 3, 2, 2, 2, 2, 2, 2, 3, 3, 2]",9f83be3aa90ff7daae16e2a3b2a80426
26.92,106,24,"[2, 2, 2, 2, 2, 2, 2, 2, 3, 2, 2, 2, 2, 3, 2, 2, 2, 2, 2, 2, 3, 2, 3, 3]",78c655bb428c6481f7cd32dca40e4545
26.6,102,19,"[2, 3, 3, 3, 3, 2, 2, 3, 3, 3, 2, 2, 3, 3, 3, 3, 3, 3, 2]",5790766740eebed87ceb2a83dc659007
26.92,106,24,"[2, 2, 2, 3, 2, 2, 2, 2, 2, 2, 2, 3, 2, 2, 2, 2, 2, 2, 2, 3, 2, 3, 2, 3]",a0bd9e76c9e4c9d3e6b4e34bd6e490f7
26.89,116,12,"[3, 4, 6, 6, 4, 5, 5, 6, 5, 4, 6, 4]",d2669ee5b319e0fd010d25d2d4c8bbac
26.92,106,24,"[2, 2, 2, 3, 3, 2, 2, 2, 2, 3, 2, 2, 2, 3, 2, 2, 3, 2, 2, 2, 2, 2, 2, 2]",8803a8cb3d1dc5917c976e910f60d6c4
26.92,106,24,"[2, 2, 2, 2, 2, 3, 2, 2, 3, 2, 2, 3, 2, 2, 2, 3, 2, 2, 2, 2, 3, 2, 2, 2]",1916b3c403e53e5c560280f44bce01f3
26.94,116,12,"[4, 5, 5, 4, 6, 4, 5, 4, 4, 6, 7, 4]",ffe15913b551f6ab8bba5d0b03390da6
26.92,106,24,"[2, 2, 2, 2, 2, 2, 2, 2, 3, 2, 3, 2, 2, 2, 2, 2, 2, 2, 3, 2, 2, 3, 3, 2]",de55cf09261f39b68906e5b0573f2f12
26.92,106,24,"[2, 2, 3, 3, 2, 2, 2, 2, 2, 3, 3, 2, 2, 2, 2, 3, 2, 2, 2, 2, 2, 2, 2, 2]",94764b3fe4f45b7308d4754b8502736b
26.6,102,19,"[3, 3, 3, 2, 3, 3, 2, 3, 2, 3, 3, 3, 2, 2, 3, 2, 3, 3, 3]",a889983942508ae2ad29b7c33ffdda4d
26.6,102,19,"[3, 3, 2, 3, 3, 3, 3, 3, 2, 3, 2, 3, 2, 3, 2, 3, 3, 2, 3]",be87ce32dc04a4167b2f4225f2fa7f42
26.12,116,11,"[5, 6, 5, 3, 6, 6, 5, 6, 6, 5, 5]",f736caec70f44b1e009397fef49b61af
26.1,116,11,"[5, 8, 4, 6, 4, 5, 6, 5, 5, 5, 5]",6f6c3c447d2593ffe47b0ae5deeb33d3
26.94,116,12,"[5, 6, 4, 4, 4, 5, 4, 5, 4, 4, 7, 6]",bd869b1bde2bcb00e10bbd6c944f6207
26.11,116,11,"[7, 5, 6, 4, 6, 5, 6, 4, 4, 5, 6]",8eaed4aa075d3a1a871ef66215d144b5
26.91,116,12,"[5, 4, 4, 3, 4, 5, 5, 5, 7, 6, 5, 5]",7e4f3eef827b5bd0abdbb4d0a55a6c99
26.92,106,24,"[2, 2, 2, 3, 2, 2, 2, 3, 2, 2, 2, 2, 2, 3, 2, 2, 3, 2, 2, 3, 2, 2, 2, 2]",14d08d729fea695a9ccaa642fb548706
26.6,102,19,"[2, 3, 3, 3, 3, 3, 3, 2, 3, 3, 2, 3, 3, 2, 3, 3, 3, 2, 2]",489a80fe3396b78679791c671faec90c
26.6,102,19,"[3, 3, 3, 2, 3, 2, 3, 3, 2, 3, 3, 3, 2, 3, 3, 2, 3, 3, 2]",3040f27901a8c4fcc93b3cb811689250
26.92,106,24,"[2, 2, 2, 2, 2, 2, 2, 2, 3, 2, 2, 3, 2, 2, 3, 2, 2, 3, 2, 3, 2, 2, 2, 2]",2b00f5d05038fdbf74169a3c8f1e0b63
26.92,106,24,"[2, 2, 2, 2, 2, 2, 2, 2, 2, 3, 2, 2, 2, 2, 2, 3, 2, 2, 2, 2, 3, 3, 2, 3]",d93f4ee073f94ac47939063a08a800ce
26.88,116,12,"[4, 6, 6, 4, 4, 7, 4, 6, 5, 4, 4, 4]",88cfb069a0705ea88c20ed8da8b93fc2
26.11,116,11,"[6, 4, 6, 6, 6, 5, 4, 5, 4, 7, 5]",31d9da76f2e6bc580cbfa5de338c9e38
26.11,116,11,"[7, 6, 6, 5, 6, 6, 4, 5, 5, 4, 4]",1448430a052c6daf8c5f70cfef3d4195
26.94,116,12,"[4, 7, 4, 6, 4, 6, 5, 5, 4, 4, 4, 5]",9290597ee6c81d271aebc46d4fe2c185
26.94,116,12,"[4, 7, 5, 4, 4, 6, 6, 5, 5, 4, 4, 4]",107da5cae2d8fb530b39a5fdea04884e
26.6,102,19,"[3, 2, 3, 2, 2, 3, 2, 3, 2, 3, 3, 3, 3, 2, 3, 3, 3, 3, 3]",19f1ea659a812aeab2510841a63a6be9
26.92,106,24,"[3, 2, 2, 2, 2, 2, 3, 2, 2, 2, 2, 2, 3, 2, 2, 2, 3, 2, 2, 3, 2, 2, 2, 2]",a1c489cbb829859294f8171b0ef1c4b9
26.6,102,19,"[3, 3, 3, 3, 2, 3, 2, 3, 3, 3, 3, 2, 2, 3, 3, 3, 2, 3, 2]",c0908e99dfc513ba567c10862efbc5cb
26.89,116,12,"[5, 6, 5, 3, 4, 4, 6, 4, 6, 4, 6, 5]",c5aaf20d83ffd1d4ca2b5ff1fae6dc7d
26.95,116,12,"[5, 4, 4, 5, 6, 5, 4, 5, 6, 6, 3, 5]",4a51ca661596b5ab8d6321e6707bffb9
26.89,116,12,"[5, 6, 5, 4, 4, 6, 3, 4, 5, 6, 6, 4]",ffc30b03fa11d65258e07aec0b678c36
26.26,102,15,"[4, 3, 4, 3, 4, 3, 3, 3, 4, 3, 4, 3, 3, 4, 3]",1e34fbb956ce27f56c3d18c1a17bd9cc
26.6,102,19,"[2, 3, 3, 3, 3, 3, 3, 3, 3, 3, 3, 2, 3, 2, 2, 2, 2, 3, 3]",40d6fdbaa8d7d5fa2ff16badc658dbd3
26.6,102,19,"[3, 3, 3, 2, 3, 3, 3, 3, 3, 3, 3, 2, 2, 3, 3, 3, 2, 2, 2]",51eda67498ade9972d51958c1a9e355f
26.6,102,19,"[3, 2, 3, 3, 2, 3, 3, 3, 2, 3, 2, 3, 2, 3, 3, 3, 3, 3, 2]",f036a21ace20b26b38f517f487d14423
26.92,106,24,"[3, 2, 2, 2, 2, 3, 2, 3, 2, 3, 2, 2, 2, 2, 2, 2, 2, 2, 2, 2, 2, 2, 3, 2]",48e8db76b27182ddd77d66a29dc61dba
26.6,102,19,"[2, 3, 3, 3, 3, 2, 2, 3, 3, 3, 3, 2, 2, 3, 3, 3, 3, 2, 3]",20d0d187ec4ac3235c5e23dfd91a0be4
26.94,116,12,"[6, 4, 7, 4, 4, 4, 5, 5, 4, 5, 4, 6]",7fddd7edb8f1eeee3bbd9131cfa0fc70
26.91,116,12,"[4, 4, 5, 5, 3, 6, 5, 5, 5, 4, 5, 7]",0118761cd9455f4da58bc8eaaa4d3e70
26.11,116,11,"[7, 5, 4, 4, 6, 6, 6, 5, 6, 5, 4]",7cb968bd2c9bef25889359828c19aaad
26.92,106,24,"[2, 3, 2, 2, 2, 3, 2, 3, 2, 2, 3, 2, 2, 2, 2, 2, 2, 2, 2, 2, 2, 3, 2, 2]",f1965ce90ab226eebbd3c53af85cddf4
26.92,106,24,"[2, 3, 2, 3, 2, 2, 3, 2, 2, 2, 3, 2, 2, 2, 2, 2, 2, 2, 3, 2, 2, 2, 2, 2]",d5548880049d8727857c4e54e92981a0
26.6,102,19,"[2, 3, 2, 2, 3, 3, 3, 2, 3, 2, 3, 3, 3, 3, 3, 3, 2, 3, 3]",a044d49676de22f13b9e7006c257d3da
26.07,116,11,"[4, 6, 7, 6, 4, 4, 5, 5, 5, 5, 7]",38f4381eed89709d5d1fb2c13f12da69
26.6,102,19,"[3, 3, 3, 3, 3, 3, 2, 2, 3, 2, 3, 2, 3, 3, 2, 3, 3, 2, 3]",eb81a92bb622d2aeac0b13f8582132a5
26.92,106,24,"[2, 2, 2, 2, 2, 2, 2, 2, 2, 2, 2, 2, 3, 2, 2, 2, 3, 2, 2, 3, 2, 2, 3, 3]",def5ed397975c95c6f6b4d2ac4b7171f
26.11,116,11,"[5, 5, 6, 4, 6, 6, 4, 7, 5, 6, 4]",e7f6a5ce72a67026a6df4642f5a9ddfb
26.15,116,11,"[4, 5, 6, 6, 5, 4, 4, 6, 6, 6, 6]",ee644088b97ed4434ba571c96415d4ea
26.07,116,11,"[4, 7, 7, 5, 5, 6, 5, 5, 6, 4, 4]",55f39fb0b6638016a88db744498b1983
26.07,116,11,"[4, 5, 7, 4, 5, 5, 4, 5, 6, 6, 7]",52f81c7c55416cebc6f4b7877643ab20
26.13,116,11,"[5, 7, 6, 5, 5, 4, 5, 5, 5, 4, 7]",8c6cd4e9793130b46f74b364537d1b63
26.87,116,12,"[4, 6, 4, 4, 4, 8, 5, 4, 5, 5, 5, 4]",99ee9047414241bebaa639ffa68d01f5
26.92,106,24,"[2, 2, 3, 2, 3, 2, 2, 3, 2, 2, 3, 2, 2, 2, 2, 2, 2, 2, 2, 2, 2, 3, 2, 2]",256cf7752278954679fbc25521d57ea0
26.92,106,24,"[2, 2, 2, 3, 2, 3, 2, 2, 2, 2, 2, 2, 2, 2, 3, 2, 3, 2, 2, 3, 2, 2, 2, 2]",62201c298d58a8f10e58070be9d601a8
26.6,102,19,"[3, 2, 3, 3, 2, 3, 3, 2, 3, 2, 3, 3, 3, 3, 3, 2, 3, 2, 3]",e25334163dd68a5261dc1e2c2577fc80
26.95,116,12,"[6, 5, 4, 6, 6, 4, 4, 5, 5, 5, 3, 5]",ded760d58af471d0f9946e0459baa089
26.87,116,12,"[4, 4, 4, 5, 4, 5, 5, 4, 6, 4, 5, 8]",8664007b2f22fe8c1c5f32fb2dbd7e04
26.91,116,12,"[5, 5, 5, 7, 5, 3, 4, 4, 5, 5, 6, 4]",b2451cd2458594cfe0c814817b00ca9a
26.08,116,11,"[6, 5, 7, 3, 5, 5, 5, 5, 6, 6, 5]",602a9bf270bf09135296e5cd8bdc344f
26.6,102,19,"[3, 3, 3, 3, 3, 2, 2, 3, 3, 3, 2, 3, 3, 2, 2, 3, 3, 2, 3]",1d820afadb88b76b13a7dd35f8291145
26.6,102,19,"[3, 3, 3, 3, 3, 3, 3, 2, 2, 3, 2, 2, 3, 3, 3, 2, 3, 3, 2]",57b884e99b07e5b71bf900cf6063c2aa
26.92,106,24,"[3, 2, 2, 3, 3, 3, 2, 2, 2, 2, 2, 2, 2, 2, 2, 2, 2, 2, 3, 2, 2, 2, 2, 2]",5961118f06fe8fe27be9964240161bc3
26.08,116,11,"[7, 5, 6, 3, 5, 5, 5, 5, 6, 6, 5]",5ed83f54b924891f147d7cbfd1032474
26.6,102,19,"[3, 3, 3, 2, 3, 2, 3, 2, 3, 3, 3, 3, 3, 3, 3, 2, 2, 2, 3]",11f94be110b1100cbadeb524332d3260
26.94,116,12,"[6, 4, 4, 5, 4, 4, 4, 4, 5, 5, 6, 7]",4525efb334bdc8c316dcf6f053eeb236
26.13,116,11,"[6, 5, 5, 5, 5, 7, 4, 4, 5, 7, 5]",57776763df8e2e5f5457d31719727843
26.92,106,24,"[3, 3, 3, 2, 2, 2, 3, 2, 2, 2, 2, 2, 2, 2, 2, 2, 2, 2, 2, 2, 2, 2, 3, 2]",7f4cae168d2d873cd515921e07c79b10
26.94,116,12,"[6, 4, 4, 4, 4, 5, 4, 7, 5, 4, 6, 5]",3c73f7795f7e9e07dabb4caf584cf3a5
26.6,102,19,"[3, 3, 3, 3, 3, 3, 3, 2, 3, 2, 2, 2, 2, 3, 3, 3, 2, 3, 3]",75ae220ffc3adfcfa7325325b8c41d4c
26.95,116,12,"[5, 4, 5, 4, 6, 5, 5, 6, 4, 6, 5, 3]",eebaeb29ee54acd11ad5e786135b35fc
26.12,116,11,"[6, 5, 6, 5, 6, 5, 3, 5, 5, 6, 6]",bc036ff7c4dd26b748a1add6a69d09ee
26.6,102,19,"[2, 3, 3, 3, 3, 3, 3, 2, 2, 3, 3, 3, 3, 3, 3, 2, 2, 3, 2]",e5e4ee8d62aedf090206cccad4e33178
26.6,102,19,"[3, 3, 2, 2, 3, 2, 3, 3, 3, 2, 3, 3, 3, 3, 2, 3, 3, 3, 2]",6b9282013f1a2caf111da8bd7295a9d6
26.95,116,12,"[4, 5, 3, 6, 5, 6, 5, 4, 6, 4, 5, 5]",e18c590867df1636d02529d2942e48e5
26.86,116,12,"[6, 3, 5, 6, 5, 5, 3, 5, 5, 4, 5, 6]",fb34986559253423eb7c7218366eb1fa
26.1,116,11,"[5, 5, 6, 5, 5, 8, 4, 6, 5, 4, 5]",b7ad3180d0f681c36c3dfa9d44b5ba9f
26.6,102,19,"[2, 3, 3, 3, 2, 3, 3, 3, 3, 3, 2, 3, 3, 2, 3, 2, 3, 2, 3]",5e9e6be11423dc685756aad44e103212
26.6,102,19,"[3, 3, 3, 2, 3, 2, 3, 3, 3, 3, 2, 2, 3, 2, 3, 2, 3, 3, 3]",c4574b10a9f39b0c4c2f247e543e3410
26.11,116,11,"[6, 6, 4, 4, 4, 5, 6, 6, 5, 7, 5]",feeb9be6b8c2fefc5147b9cb97e398b8
26.12,116,11,"[5, 5, 6, 6, 6, 5, 3, 5, 6, 6, 5]",99e8e3e20eb4ebb928f783bdef87e74d
26.06,116,11,"[5, 6, 6, 6, 6, 3, 5, 4, 6, 6, 5]",ce57e1888ca3f2514789aed78dcaae08
26.94,116,12,"[5, 7, 4, 4, 4, 5, 6, 4, 6, 5, 4, 4]",32f874534bf816ab7a10a70676b7c2fe
26.12,116,11,"[6, 5, 5, 5, 5, 5, 3, 6, 6, 6, 6]",50b97534f1165c0f98335598b06f2677
26.13,116,11,"[5, 5, 7, 7, 5, 5, 4, 5, 5, 6, 4]",86969a16a9c36f8dbcfc2c2dd3ce7573
26.6,102,19,"[3, 3, 3, 3, 3, 3, 2, 3, 3, 3, 2, 3, 2, 2, 2, 2, 3, 3, 3]",938feeacaccd4100f8e0451c5ce22032
26.95,116,12,"[5, 6, 6, 4, 5, 5, 6, 4, 3, 5, 5, 4]",3b0d39e294a6fc7bffca521f912e1f42
26.92,106,24,"[2, 2, 2, 3, 2, 3, 2, 2, 2, 2, 2, 3, 2, 3, 2, 2, 2, 3, 2, 2, 2, 2, 2, 2]",c3d3bb9c35b2fc34c446f0e50e40fba1
26.92,106,24,"[2, 2, 2, 2, 2, 2, 3, 2, 3, 2, 2, 2, 2, 2, 3, 2, 2, 2, 2, 3, 3, 2, 2, 2]",cecc33c8c0b85f646910c80ca1d6d65d
26.6,102,19,"[3, 3, 2, 3, 3, 3, 2, 3, 3, 3, 2, 3, 3, 3, 3, 2, 2, 2, 3]",5e5ed58130cae0bc44b7e2bec65f5810
26.95,116,12,"[5, 5, 5, 6, 6, 4, 5, 5, 4, 4, 6, 3]",b2c3abf041712edd00b49eebccec8285
26.11,116,11,"[6, 5, 7, 4, 4, 4, 6, 6, 5, 6, 5]",9937ecd1c2e095fe76bcf5a1948e54f2
26.94,116,12,"[4, 5, 4, 5, 6, 4, 6, 7, 4, 4, 5, 4]",7fbe2a554f3ef8b42a90e9941ac19db3
26.6,102,19,"[3, 3, 2, 3, 3, 3, 2, 2, 3, 3, 3, 3, 3, 3, 3, 2, 3, 2, 2]",d7118d501e8e4acc17f25309a7633fd7
26.6,102,19,"[3, 2, 3, 2, 3, 2, 3, 3, 3, 2, 2, 3, 3, 3, 3, 3, 2, 3, 3]",1c7dff8770ae780e82ac4f683e4ecec6
26.07,116,11,"[4, 7, 7, 6, 4, 5, 5, 5, 5, 4, 6]",bcec53417cd79ab128209eb2f64db747
26.12,116,11,"[6, 6, 5, 5, 5, 6, 6, 5, 3, 5, 6]",0dd2cf1db079613959403c9c2d9ecd9e
26.06,116,11,"[6, 6, 5, 5, 6, 6, 4, 6, 5, 3, 6]",3c3adfd4cc1d6fa53c7ccd387b5c615f
26.89,116,12,"[4, 4, 5, 6, 5, 4, 6, 5, 6, 4, 3, 6]",afc4e822593d5fe1cb92bdea7083e57a
26.6,102,19,"[3, 3, 3, 3, 2, 3, 3, 3, 3, 3, 2, 3, 3, 2, 2, 2, 2, 3, 3]",6b0f87599fa95ff7d800cb454466617f
26.91,116,12,"[6, 5, 5, 7, 5, 4, 5, 5, 3, 5, 4, 4]",e7239b8fd6df9adeddb882affc3b6f68
26.6,102,19,"[2, 3, 2, 3, 3, 3, 3, 2, 3, 3, 2, 3, 3, 2, 3, 2, 3, 3, 3]",19dd06e7d49fda38c279a0a57d5fe9ad
26.13,116,11,"[5, 5, 5, 5, 4, 6, 7, 4, 7, 5, 5]",f91b0d0d7d2bdb0209fbe71b90981c9e
26.1,116,11,"[6, 5, 5, 6, 8, 5, 4, 4, 5, 5, 5]",e5cdd28905c960ff08d6b159463b63e9
26.92,106,24,"[3, 2, 2, 3, 2, 2, 2, 2, 2, 2, 2, 2, 2, 3, 2, 2, 2, 2, 3, 2, 2, 2, 3, 2]",b1800f1a5aaca001a7f9b366e737116b
26.91,116,12,"[4, 4, 7, 5, 6, 4, 5, 5, 5, 5, 3, 5]",ce791a0e1a89bbd9c2876e3faa9b7ff0
26.11,116,11,"[5, 6, 4, 6, 6, 7, 5, 4, 4, 5, 6]",a8e27bf27f8d02b0eeaf428d2e45c1d2
